<?xml version="1.0" encoding="UTF-8"?>
<project-private xmlns="http://www.netbeans.org/ns/project-private/1">
    <editor-bookmarks xmlns="http://www.netbeans.org/ns/editor-bookmarks/2" lastBookmarkId="0"/>
    <open-files xmlns="http://www.netbeans.org/ns/projectui-open-files/2">
        <group>
            <file>file:/C:/Users/Usuario/Documents/GitHub/javalearning/CurraIvanaUnidad7/src/ComercioBurger/CurraIvanaUnidad7.java</file>
            <file>file:/C:/Users/Usuario/Documents/GitHub/javalearning/CurraIvanaUnidad7/src/ComercioBurger/OperacionArchivo.java</file>
            <file>file:/C:/Users/Usuario/Documents/GitHub/javalearning/CurraIvanaUnidad7/src/ComercioBurger/ParaTest.java</file>
            <file>file:/C:/Users/Usuario/Documents/GitHub/javalearning/CurraIvanaUnidad7/src/ComercioBurger/Despachante.java</file>
            <file>file:/C:/Users/Usuario/Documents/GitHub/javalearning/CurraIvanaUnidad7/src/ComercioBurger/Contacto.java</file>
            <file>file:/C:/Users/Usuario/Documents/GitHub/javalearning/CurraIvanaUnidad7/src/ComercioBurger/Stock.java</file>
            <file>file:/C:/Users/Usuario/Documents/GitHub/javalearning/CurraIvanaUnidad7/src/ComercioBurger/RegistroInterno.java</file>
            <file>file:/C:/Users/Usuario/Documents/GitHub/javalearning/CurraIvanaUnidad7/src/ComercioBurger/Venta.java</file>
            <file>file:/C:/Users/Usuario/Documents/GitHub/javalearning/CurraIvanaUnidad7/src/ComercioBurger/OrdenCompra.java</file>
            <file>file:/C:/Users/Usuario/Documents/GitHub/javalearning/CurraIvanaUnidad7/src/ComercioBurger/Pedido.java</file>
            <file>file:/C:/Users/Usuario/Documents/GitHub/javalearning/CurraIvanaUnidad7/src/ComercioBurger/Login.java</file>
            <file>file:/C:/Users/Usuario/Documents/GitHub/javalearning/CurraIvanaUnidad7/src/ComercioBurger/Cajero.java</file>
            <file>file:/C:/Users/Usuario/Documents/GitHub/javalearning/CurraIvanaUnidad7/src/ComercioBurger/ComercioBurger.java</file>
            <file>file:/C:/Users/Usuario/Documents/GitHub/javalearning/CurraIvanaUnidad7/src/ComercioBurger/Ticket.java</file>
        </group>
    </open-files>
</project-private>
